{"cameraMode":{"drawMode":0,"name":"Shaded","section":"Shading Mode"},"sceneLighting":true,"audioPlay":false,"sceneViewState":{"m_AlwaysRefresh":false,"showFog":true,"showSkybox":true,"showFlares":true,"showImageEffects":true,"showParticleSystems":true,"showVisualEffectGraphs":true,"m_FxEnabled":true},"in2DMode":false,"pivot":{"x":5.960464477539063e-8,"y":3.9499998092651369,"z":-1.1920928955078126e-7},"rotation":{"x":0.0121604697778821,"y":-0.9842095375061035,"z":0.07475568354129791,"w":0.1601351797580719},"size":19.379179000854493,"orthographic":false}