{"cameraMode":{"drawMode":0,"name":"Shaded","section":"Shading Mode"},"sceneLighting":true,"audioPlay":false,"sceneViewState":{"m_AlwaysRefresh":false,"showFog":true,"showSkybox":true,"showFlares":true,"showImageEffects":true,"showParticleSystems":true,"showVisualEffectGraphs":true,"m_FxEnabled":true},"in2DMode":false,"pivot":{"x":10.569999694824219,"y":1.5199999809265137,"z":29.709999084472658},"rotation":{"x":0.11698410660028458,"y":-0.23839813470840455,"z":0.02899828739464283,"w":0.9637280106544495},"size":2.0886058807373049,"orthographic":false}